<?xml version="1.0" encoding="UTF-8" ?>
<!DOCTYPE mapper PUBLIC "-//mybatis.org//DTD Mapper 3.0//EN" "http://mybatis.org/dtd/mybatis-3-mapper.dtd" >
<mapper namespace="com.winterchen.dao.UserDao" >
    <sql id="BASE_TABLE">
    xq_user
  </sql>

    <sql id="BASE_COLUMN">
    userId,click,reply,title,author,senddata,lastdata
  </sql>

    <insert id="insert" parameterType="com.winterchen.model.UserDomain">
        INSERT INTO `xq_user`(click,reply,title,author,senddata,lastdata,sentiment) values (#{click},#{reply},#{title},#{author},#{senddata},#{lastdata},#{sentiment})
        <!--    INSERT INTO
              <include refid="BASE_TABLE"/>
            <trim prefix="(" suffix=")" suffixOverrides=",">
              click,reply,title,
              <if test="click != null">
                author,senddata,lastdata,
              </if>
            </trim>
            <trim prefix="VALUES(" suffix=")" suffixOverrides=",">
              #{click, jdbcType=INTEGER},#{reply, jdbcType=INTEGER}, #{title, jdbcType=VARCHAR},
              <if test="click != null">
                #{author, jdbcType=VARCHAR}, #{senddata, jdbcType=VARCHAR}, #{lastdata, jdbcType=VARCHAR},
              </if>
            </trim>-->
    </insert>

    <select id="findAll" resultType="com.winterchen.model.UserDomain">
        <!--      SELECT
                <include refid="BASE_COLUMN"/>
              FROM
                <include refid="BASE_TABLE"/>-->
        select sentiment , count(*) as total from `xq_user` group by sentiment having count(1)>1
    </select>
    <select id="findClickTop" resultType="com.winterchen.model.UserDomain">
        <!--      SELECT
                <include refid="BASE_COLUMN"/>
              FROM
                <include refid="BASE_TABLE"/>-->
        select distinct author,userId,reply,title,click,senddata,lastdata from `xq_user` order by click limit 10
    </select>

</mapper>
